{
  "@id": "twb-referral-out-metadata.json",
  "@context": { "http://www.w3.org/ns/csvw": { "@language": "en" } },
  "columns": [{
    "name": "organisation_path",
    "titles": [ "organisation_path" ],
    "dc:title": "Organisation Path",
    "schema:description": "A sequence of colon separated Organisation Keys that fully specifies the Provider Organisation providing a service to the client.",
    "schema:disambiguatingDescription": "type/organisation_path.rst",
    "schema:dateCreated": "2018-08-01",
    "schema:dateDeleted": "2018-08-01",
    "schema:dateModified": "2018-08-01",
    "datatype": {
      "base": "string"
    },
    "required": true,
    "schema:formOrder": "1"
  },{
     "name": "twb_referral_out_key",
    "titles": [ "twb_referral_out_key" ],
    "dc:title": "TWB Referral Out Key",
    "schema:description": "This is a number or code assigned to each referral out. The Referral Out Key is unique and stable for each referral out at the lvel of the organisation.",
    "schema:dateCreated": "2019-07-05",
    "schema:dateModified": "2019-07-05",
    "datatype": {
      "base": "string",
      "minLength": 2,
      "maxLength": 50
      },
    "required": true,
    "schema:formOrder": "2"
  },{
    "name": "episode_key",
    "titles": [ "episode_key" ],
    "dc:title": "Episode Key",
    "schema:description": "This is a number or code assigned to each PMHC MDS episode. The Episode Key is unique and stable for each episode at the level of the organisation. This key must link to an existing episode within the PMHC MDS.",
    "schema:disambiguatingDescription": "table/episode/key.rst",
    "schema:dateCreated": "2016-06-22",
    "schema:dateModified": "2016-07-08",
    "datatype": {
      "base": "string",
      "minLength": 2,
      "maxLength": 50
    },
    "required": true
  },{
    "name": "twb_referral_out_provider_type",
    "titles": [ "twb_referral_out_provider_type" ],
    "dc:title": "TWB Referral Out - Provider Type",
    "schema:description": "The provider type of the referral out made for and on behalf of the client. ",
    "schema:disambiguatingDescription": "table/twb-referral-out/twb-referral-out-provider-type.rst",
    "schema:dateCreated": "2019-07-05",
    "schema:dateModified": "2019-07-05",
    "datatype": {
      "base": "string"
    },
    "required": true
  },{
    "name": "twb_referral_out_status",
    "titles": [ "twb_referral_out_status" ],
    "dc:title": "TWB Referral Out - Status",
    "schema:description": "The status of a referral out made by the Service Provider on behalf of a client.",
    "schema:disambiguatingDescription": "table/twb-referral-out/twb-referral-out-status.rst",
    "schema:dateCreated": "2019-07-05",
    "schema:dateModified": "2019-07-05",
    "datatype": {
      "base": "string"
    },
    "required": true
  },{
    "name": "twb_referral_out_tags",
    "titles": [ "twb_referral_out_tags" ],
    "dc:title" : "TWB Referral Out - Tags",
    "schema:description": "List of tags for TWB Referral Out.",
    "schema:disambiguatingDescription": "type/tags.rst",
    "schema:dateCreated": "2019-07-05",
    "schema:dateModified": "2019-07-05",
    "datatype": {
      "base": "string"
      },
    "required": false
  }],
  "primaryKey": [ "organisation_path", "twb_referral_out_key" ],
  "foreignKeys": [{
    "columnReference": [ "organisation_path", "episode_key" ],
    "reference": {
      "resource": "data/episodes.csv",
      "columnReference": [ "organisation_path", "episode_key" ]
    }
  }, {
    "columnReference": "twb_referral_out_provider_type",
    "reference": {
      "resource": "table/twb-referral-out/twb-referral-out-provider-type.csv",
      "columnReference": "id"
    }
  }, {
    "columnReference": "twb_referral_out_status",
    "reference": {
      "resource": "table/twb-referral-out/twb-referral-out-status.csv",
      "columnReference": "id"
    }
  }]
}
