{
  "@id": "twb-episode-metadata.json",
  "@context": { "http://www.w3.org/ns/csvw": { "@language": "en" } },
  "columns": [{
    "name": "organisation_path",
    "titles": [ "organisation_path" ],
    "dc:title": "Organisation Path",
    "schema:description": "A sequence of colon separated Organisation Keys that fully specifies the Provider Organisation providing a service to the client.",
    "schema:disambiguatingDescription": "type/organisation_path.rst",
    "schema:dateCreated": "2016-06-22",
    "schema:dateDeleted": "2016-06-22",
    "schema:dateModified": "2016-06-22",
    "datatype": {
      "base": "string"
    },
    "required": true
  },{
    "name": "episode_key",
    "titles": [ "episode_key" ],
    "dc:title": "Episode Key",
    "schema:description": "This is a number or code assigned to each PMHC MDS episode. The Episode Key is unique and stable for each episode at the level of the organisation. This key must link to an existing episode within the PMHC MDS.",
    "schema:disambiguatingDescription": "table/episode/key.rst",
    "schema:dateCreated": "2016-06-22",
    "schema:dateModified": "2016-07-08",
    "datatype": {
      "base": "string",
      "minLength": 2,
      "maxLength": 50
    },
    "required": true
  },{
    "name": "twb_veteran",
    "titles": [ "twb_veteran" ],
    "dc:title": "TWB Episode - Veteran",
    "schema:description": "Whether the client identifies as a veteran.",
    "schema:disambiguatingDescription": "table/twb-episode/twb-veteran.rst",
    "schema:dateCreated": "2019-07-05",
    "schema:dateModified": "2019-07-05",
    "datatype": {
      "base": "string"
    },
    "required": true
  },{
    "name": "twb_sexual_orientation",
    "titles": [ "twb_sexual_orientation" ],
    "dc:title": "TWB Episode - Sexual Orientation",
    "schema:description": "How do you describe your sexual orientation?",
    "schema:dateCreated": "2019-07-05",
    "schema:dateModified": "2019-07-05",
    "datatype": {
      "base": "string"
    },
    "required": true
  },{
    "name": "twb_transgender_status",
    "titles": [ "twb_transgender_status" ],
    "dc:title": "TWB Episode - Transgender Status",
    "schema:description": "Do you have a transgender history, experience, or identity?",
    "schema:disambiguatingDescription": "table/twb-episode/twb-transgender-status.rst",
    "schema:dateCreated": "2019-07-05",
    "schema:dateModified": "2019-07-05",
    "datatype": {
      "base": "string"
    },
    "required": true
  },{
    "name": "twb_intersex_status",
    "titles": [ "twb_intersex_status" ],
    "dc:title": "TWB Episode - Intersex Status",
    "schema:description": "Do you wish to disclose intersex status?",
    "schema:disambiguatingDescription": "table/twb-episode/twb-intersex-status.rst",
    "schema:dateCreated": "2019-07-05",
    "schema:dateModified": "2019-07-05",
    "datatype": {
      "base": "string"
    },
    "required": true
  },{
    "name": "twb_eligibility_type",
    "titles": [ "twb_eligibility_type" ],
    "dc:title": "TWB Episode - Eligibility Type",
    "schema:description": "The criteria by which the client is eligible for service.",
    "schema:disambiguatingDescription": "table/twb-episode/twb-eligibility-type.rst",
    "schema:dateCreated": "2019-07-05",
    "schema:dateModified": "2019-07-05",
    "datatype": {
      "base": "string"
    },
    "required": true
  },{
    "name": "twb_external_evaluator_contact_consent",
    "titles": [ "twb_external_evaluator_contact_consent" ],
    "dc:title": "TWB Episode - External Evaluator Contact Consent",
    "schema:description": "The status of whether the client has consented to be contacted by external evaluators.",
    "schema:disambiguatingDescription": "table/twb-episode/twb-external-evaluator-contact-consent.rst",
    "schema:dateCreated": "2019-07-05",
    "schema:dateModified": "2019-07-05",
    "datatype": {
      "base": "string"
    },
    "required": true
  },{
    "name": "twb_primary_nominated_professional",
    "titles": [ "twb_primary_nominated_professional" ],
    "dc:title": "TWB Episode - Primary Nominated Professional",
    "schema:description": "The primary nominated professional of the client for contact regarding participation in the service.",
    "schema:disambiguatingDescription": "table/twb-episode/twb-primary-nominated-professional.rst",
    "schema:dateCreated": "2019-07-05",
    "schema:dateModified": "2019-07-05",
    "datatype": {
      "base": "string"
    },
    "required": true
  },{
    "name": "twb_primary_nominated_professional_consent_date",
    "titles": [ "twb_primary_nominated_professional_consent_date" ],
    "dc:title": "TWB Episode - TWB Primary Nominated Professional Consent Date",
    "schema:description": "What date did you receive consent from the client to contact their Primary Nominated Professional?",
    "schema:disambiguatingDescription": "table/twb-episode/twb-primary-nominated-professional-consent-date.rst",
    "schema:dateCreated": "2020-04-21",
    "schema:dateModified": "2020-04-21",
    "datatype": {
      "base": "date",
      "format": "dMMyyyy",
      "minimum": "2019-01-01"
    },
    "required": true,
    "schema:dateMissingUnknown": "9999-09-09"
  },{
    "name": "twb_previous_suicide_attempts",
    "titles": [ "twb_previous_suicide_attempts" ],
    "dc:title": "TWB Episode - Previous suicide attempts",
    "schema:description": "Has the client made a suicide attempt and/or experienced suicidal ideation in their lifetime?",
    "schema:disambiguatingDescription": "table/twb-episode/twb-previous-suicide-attempts.rst",
    "schema:dateCreated": "2019-07-05",
    "schema:dateModified": "2019-07-05",
    "datatype": {
      "base": "string"
    },
    "required": true
  },{
    "name": "twb_method_of_suicide_attempt",
    "titles": [ "twb_method_of_suicide_attempt" ],
    "dc:title": "TWB Episode - Method of suicide attempt",
    "schema:description": "For clients referred to The Way Back for a suicide attempt, what was the method of their most recent attempt?",
    "schema:disambiguatingDescription": "table/twb-episode/twb-method-of-suicide-attempt.rst",
    "schema:dateCreated": "2019-07-05",
    "schema:dateModified": "2019-07-05",
    "datatype": {
      "base": "string"
    },
    "required": true
  },{
    "name": "twb_episode_tags",
    "titles": [ "twb_episode_tags" ],
    "dc:title" : "TWB Episode - Tags",
    "schema:description": "List of tags for the TWB Episode.",
    "schema:disambiguatingDescription": "type/tags.rst",
    "schema:dateCreated": "2019-07-05",
    "schema:dateModified": "2019-07-05",
    "datatype": {
      "base": "string"
      }
  }],
  "primaryKey": [ "organisation_path", "episode_key" ],
  "foreignKeys": [{
    "columnReference": [ "organisation_path", "episode_key" ],
    "reference": {
      "resource": "data/episodes.csv",
      "columnReference": [ "organisation_path", "episode_key" ]
    }
  }, {
    "columnReference": "twb_eligibility_type",
    "reference": {
      "resource": "table/twb-episode/twb-eligibility-type.csv",
      "columnReference": "id"
    }
  }, {
    "columnReference": "twb_primary_nominated_professional",
    "reference": {
      "resource": "table/twb-episode/twb-primary-nominated-professional.csv",
      "columnReference": "id"
    }
  }, {
    "columnReference": "twb_sexual_orientation",
    "reference": {
      "resource": "table/twb-episode/twb-sexual-orientation.csv",
      "columnReference": "id"
    }
  }, {
    "columnReference": "twb_transgender_status",
    "reference": {
      "resource": "table/twb-episode/twb-transgender-status.csv",
      "columnReference": "id"
    }
  }, {
    "columnReference": "twb_intersex_status",
    "reference": {
      "resource": "table/twb-episode/twb-intersex-status.csv",
      "columnReference": "id"
    }
  }, {
    "columnReference": "twb_veteran",
    "reference": {
      "resource": "table/twb-episode/twb-veteran.csv",
      "columnReference": "id"
    }
  }, {
    "columnReference": "twb_previous_suicide_attempts",
    "reference": {
      "resource": "table/twb-episode/twb-previous-suicide-attempts.csv",
      "columnReference": "id"
    }
  }, {
    "columnReference": "twb_method_of_suicide_attempt",
    "reference": {
      "resource": "table/twb-episode/twb-method-of-suicide-attempt.csv",
      "columnReference": "id"
    }
  }, {
    "columnReference": "twb_external_evaluator_contact_consent",
    "reference": {
      "resource": "table/twb-episode/twb-external-evaluator-contact-consent.csv",
      "columnReference": "id"
    }
  }]
}
