{
  "@id": "table/twb-referral-out/twb-referral-out-provider-type.json",
  "@context": { "http://www.w3.org/ns/csvw": { "@language": "en" } },
  "columns": [{
    "name": "id",
    "titles": [ "id" ],
    "schema:dateCreated": "2019-07-05",
    "schema:dateModified": "2019-07-05",
    "datatype": "string"
  },{
    "name": "description",
    "titles": [ "description" ],
    "schema:dateCreated": "2019-07-05",
    "schema:dateModified": "2019-07-05",
    "datatype": {
      "base": "string"
    }
  }],
  "primaryKey": "id"
}
