organisation_path,collection_occasion_key,episode_key,measure_date,reason_for_collection,k10p_item1,k10p_item2,k10p_item3,k10p_item4,k10p_item5,k10p_item6,k10p_item7,k10p_item8,k10p_item9,k10p_item10,k10p_item11,k10p_item12,k10p_item13,k10p_item14,k10p_score,k10p_tags
PHN999:NFP01,CO08,CL0001-E01,21022016,1,3,4,5,3,4,5,3,4,5,4,3,3,5,4,99,
PHN999:NFP01,CO09,CL0001-E01,10042016,2,3,4,4,2,3,4,4,3,5,4,3,2,4,4,99,
PHN999:NFP01,CO10,CL0002-E01,25062016,2,2,3,4,3,3,4,3,2,4,4,4,3,2,2,99,
PHN999:NFP01,CO11,CL0002-E01,17072016,1,2,2,3,2,1,2,4,3,2,2,1,2,3,2,99,
