{
  "@id": "twb-recommendation-out-metadata.json",
  "@context": { "http://www.w3.org/ns/csvw": { "@language": "en" } },
  "columns": [{
    "name": "organisation_path",
    "titles": [ "organisation_path" ],
    "dc:title": "Organisation Path",
    "schema:description": "A sequence of colon separated Organisation Keys that fully specifies the Provider Organisation providing a service to the client.",
    "schema:disambiguatingDescription": "type/organisation_path.rst",
    "schema:dateCreated": "2018-08-01",
    "schema:dateDeleted": "2018-08-01",
    "schema:dateModified": "2018-08-01",
    "datatype": {
      "base": "string"
    },
    "required": true,
    "schema:formOrder": "1"
  },{
     "name": "twb_recommendation_out_key",
    "titles": [ "twb_recommendation_out_key" ],
    "dc:title": "TWB Recommendation Out Key",
    "schema:description": "This is a number or code assigned to each recommendation out. The Recommendation Out Key is unique and stable for each recommendation out at the lvel of the organisation.",
    "schema:dateCreated": "2019-07-05",
    "schema:dateModified": "2019-07-05",
    "datatype": {
      "base": "string",
      "minLength": 2,
      "maxLength": 50
      },
    "required": true,
    "schema:formOrder": "2"
  },{
    "name": "episode_key",
    "titles": [ "episode_key" ],
    "dc:title": "Episode Key",
    "schema:description": "This is a number or code assigned to each PMHC MDS episode. The Episode Key is unique and stable for each episode at the level of the organisation. This key must link to an existing episode within the PMHC MDS.",
    "schema:disambiguatingDescription": "table/episode/key.rst",
    "schema:dateCreated": "2016-06-22",
    "schema:dateModified": "2016-07-08",
    "datatype": {
      "base": "string",
      "minLength": 2,
      "maxLength": 50
    },
    "required": true
  },{
    "name": "twb_recommendation_out_provider_type",
    "titles": [ "twb_recommendation_out_provider_type" ],
    "dc:title": "TWB Recommendation Out - Provider Type",
    "schema:description": "Identifies the type of external service(s) that the client has been recommended to from the Way Back during their Episode of care, as represented by a code.",
    "schema:disambiguatingDescription": "table/twb-recommendation-out/twb-recommendation-out-provider-type.rst",
    "schema:dateCreated": "2019-07-05",
    "schema:dateModified": "2019-07-05",
    "datatype": {
      "base": "string"
    },
    "required": true
  },{
    "name": "twb_recommendation_out_status",
    "titles": [ "twb_recommendation_out_status" ],
    "dc:title": "TWB Recommendation Out - Status",
    "schema:description": "Identifies the final status of external service recommendations made to the client, as represented by a code.",
    "schema:dateCreated": "2019-07-05",
    "schema:dateModified": "2019-07-05",
    "datatype": {
      "base": "string"
    },
    "required": true
  }],
  "primaryKey": [ "organisation_path", "twb_recommendation_out_key" ],
  "foreignKeys": [{
    "columnReference": [ "organisation_path", "episode_key" ],
    "reference": {
      "resource": "data/episodes.csv",
      "columnReference": [ "organisation_path", "episode_key" ]
    }
  }, {
    "columnReference": "twb_recommendation_out_provider_type",
    "reference": {
      "resource": "table/twb-recommendation-out/twb-recommendation-out-provider-type.csv",
      "columnReference": "id"
    }
  }, {
    "columnReference": "twb_recommendation_out_status",
    "reference": {
      "resource": "table/twb-recommendation-out/twb-recommendation-out-status.csv",
      "columnReference": "id"
    }
  }]
}
