{
  "@type": "TableGroup",
  "@context": { "http://www.w3.org/ns/csvw": { "@language": "en" } },
  "dc:title": "PMHC MDS Way Back Extension Data Elements",
  "dc:publisher": {
    "schema:name": "Strategic Data Pty Ltd",
    "schema:url": { "@id": "http://www.strategicdata.com.au" }
  },
  "schema:specification": {
    "schema:name": "wayback",
    "schema:version": "3.0"
  },
  "dc:modified": { "@value": "2019-07-05", "@type": "xsd:date"},
  "tables": [{
    "dc:title": "Metadata",
    "url": "data/metadata.csv",
    "schema:name": "metadata",
    "schema:description": "table/metadata.rst",
    "tableSchema": "table/metadata-metadata.json"
  }, {
    "dc:title": "Provider Organisation",
    "url": "data/organisations.csv",
    "schema:name": "organisation",
    "schema:description": "table/organisations.rst",
    "tableSchema": "table/organisation-metadata.json"
  }, {
    "dc:title": "Practitioner",
    "url": "data/practitioners.csv",
    "schema:name": "practitioner",
    "schema:description": "table/practitioner.rst",
    "tableSchema": "table/practitioner-metadata.json"
  }, {
    "dc:title": "Client",
    "url": "data/clients.csv",
    "schema:name": "client",
    "schema:description": "table/client.rst",
    "tableSchema": "table/client-metadata.json"
  }, {
    "dc:title": "Episode",
    "url": "data/episodes.csv",
    "schema:name": "episode",
    "schema:description": "table/episode.rst",
    "tableSchema": "table/episode-metadata.json"
  }, {
    "dc:title": "TWB Episode",
    "url": "data/twb-episodes.csv",
    "schema:name": "twb-episode",
    "schema:description": "table/twb-episode.rst",
    "tableSchema": "table/twb-episode-metadata.json"
  }, {
    "dc:title": "TWB Critical Incident",
    "url": "data/twb-critical-incidents.csv",
    "schema:name": "twb-critical-incident",
    "schema:description": "table/twb-critical-incident.rst",
    "tableSchema": "table/twb-critical-incident-metadata.json"
  }, {
    "dc:title": "Service Contact",
    "url": "data/service-contacts.csv",
    "schema:name": "service-contact",
    "schema:description": "table/service-contact.rst",
    "tableSchema": "table/service-contact-metadata.json"
  }, {
    "dc:title": "TWB Recommendation Out",
    "url": "data/twb-recommendation-outs.csv",
    "schema:name": "twb-recommendation-out",
    "schema:description": "table/twb-recommendation-out.rst",
    "tableSchema": "table/twb-recommendation-out-metadata.json"
  }, {
    "dc:title": "Collection Occasion",
    "url": "data/collection-occasions.csv",
    "schema:name": "collection-occasion",
    "schema:description": "table/collection-occasion.rst",
    "tableSchema": "table/collection-occasion-metadata.json"
  }, {
    "dc:title": "K10+ Measure",
    "url": "data/k10p.csv",
    "schema:name": "k10p-measure",
    "schema:description": "table/measure/k10p-measure.rst",
    "tableSchema": "table/measure/k10p-metadata.json"
  }, {
    "dc:title": "K5 Measure",
    "url": "data/k5.csv",
    "schema:name": "k5-measure",
    "schema:description": "table/measure/k5-measure.rst",
    "tableSchema": "table/measure/k5-metadata.json"
  }, {
    "dc:title": "SDQ Measure",
    "url": "data/sdq.csv",
    "schema:name": "sdq-measure",
    "schema:description": "table/measure/sdq-measure.rst",
    "tableSchema": "table/measure/sdq-metadata.json"
  }, {
    "dc:title": "TWB Plan",
    "url": "data/twb-plans.csv",
    "schema:name": "twb-plan",
    "schema:description": "table/measure/twb-plan.rst",
    "tableSchema": "table/measure/twb-plan-metadata.json"
  }, {
    "dc:title": "TWB NI",
    "url": "data/twb-nis.csv",
    "schema:name": "twb-ni",
    "schema:description": "table/measure/twb-ni.rst",
    "tableSchema": "table/measure/twb-ni-metadata.json"
  }, {
    "dc:title": "WHO-5 Measure",
    "url": "data/who5.csv",
    "schema:name": "who5-measure",
    "schema:description": "table/measure/who5-measure.rst",
    "tableSchema": "table/measure/who5-metadata.json"
  }, {
    "dc:title": "SIDAS Measure",
    "url": "data/sidas.csv",
    "schema:name": "sidas-measure",
    "schema:description": "table/measure/sidas-measure.rst",
    "tableSchema": "table/measure/sidas-metadata.json"
  }, {
    "url": "type/gender.csv",
    "tableSchema": "type/gender.json"
  }, {
    "url": "type/atsi-status.csv",
    "tableSchema": "type/atsi-status.json"
  }, {
    "url": "type/boolean-unknown.csv",
    "tableSchema": "type/boolean-unknown.json"
  }, {
    "url": "type/boolean.csv",
    "tableSchema": "type/boolean.json"
  }, {
    "url": "type/unknown.csv",
    "tableSchema": "type/unknown.json"
  }, {
    "url": "type/active.csv",
    "tableSchema": "type/active.json"
  }, {
    "url": "table/organisation/type.csv",
    "tableSchema": "table/organisation/type.json"
  }, {
    "url": "table/organisation/state.csv",
    "tableSchema": "table/organisation/state.json"
  }, {
    "url": "table/practitioner/category.csv",
    "tableSchema": "table/practitioner/category.json"
  }, {
    "url": "table/practitioner/atsi-cultural-training.csv",
    "tableSchema": "table/practitioner/atsi-cultural-training.json"
  }, {
    "url": "table/client/country-of-birth.csv",
    "tableSchema": "table/client/country-of-birth.json"
  }, {
    "url": "table/client/est-date-of-birth.csv",
    "tableSchema": "table/client/est-date-of-birth.json"
  }, {
    "url": "table/client/main-lang-at-home.csv",
    "tableSchema": "table/client/main-lang-at-home.json"
  }, {
    "url": "table/client/prof-english.csv",
    "tableSchema": "table/client/prof-english.json"
  }, {
    "url": "table/episode/completion-status.csv",
    "tableSchema": "table/episode/completion-status.json"
  }, {
    "url": "table/episode/principal-focus.csv",
    "tableSchema": "table/episode/principal-focus.json"
  }, {
    "url": "table/episode/labour-force-status.csv",
    "tableSchema": "table/episode/labour-force-status.json"
  }, {
    "url": "table/episode/mental-health-treatment-plan.csv",
    "tableSchema": "table/episode/mental-health-treatment-plan.json"
  }, {
    "url": "table/episode/client-consent.csv",
    "tableSchema": "table/episode/client-consent.json"
  }, {
    "url": "table/episode/employment-participation.csv",
    "tableSchema": "table/episode/employment-participation.json"
  }, {
    "url": "table/episode/income-source.csv",
    "tableSchema": "table/episode/income-source.json"
  }, {
    "url": "table/episode/health-care-card.csv",
    "tableSchema": "table/episode/health-care-card.json"
  }, {
    "url": "table/episode/homelessness.csv",
    "tableSchema": "table/episode/homelessness.json"
  }, {
    "url": "table/episode/ndis-participant.csv",
    "tableSchema": "table/episode/ndis-participant.json"
  }, {
    "url": "table/episode/principal-diagnosis.csv",
    "tableSchema": "table/episode/principal-diagnosis.json"
  }, {
    "url": "table/episode/additional-diagnosis.csv",
    "tableSchema": "table/episode/additional-diagnosis.json"
  }, {
    "url": "table/episode/marital-status.csv",
    "tableSchema": "table/episode/marital-status.json"
  }, {
    "url": "table/episode/referrer-profession.csv",
    "tableSchema": "table/episode/referrer-profession.json"
  }, {
    "url": "table/episode/referrer-organisation-type.csv",
    "tableSchema": "table/episode/referrer-organisation-type.json"
  }, {
    "url": "table/episode/continuity-of-support.csv",
    "tableSchema": "table/episode/continuity-of-support.json"
  }, {
    "url": "table/twb-episode/twb-external-evaluator-contact-consent.csv",
    "tableSchema": "table/twb-episode/twb-external-evaluator-contact-consent.json"
  }, {
    "url": "table/twb-episode/twb-eligibility-type.csv",
    "tableSchema": "table/twb-episode/twb-eligibility-type.json"
  }, {
    "url": "table/twb-episode/twb-primary-nominated-professional.csv",
    "tableSchema": "table/twb-episode/twb-primary-nominated-professional.json"
  }, {
    "url": "table/twb-episode/twb-sexual-orientation.csv",
    "tableSchema": "table/twb-episode/twb-sexual-orientation.json"
  }, {
    "url": "table/twb-episode/twb-transgender-status.csv",
    "tableSchema": "table/twb-episode/twb-transgender-status.json"
  }, {
    "url": "table/twb-episode/twb-intersex-status.csv",
    "tableSchema": "table/twb-episode/twb-intersex-status.json"
  }, {
    "url": "table/twb-episode/twb-veteran.csv",
    "tableSchema": "table/twb-episode/twb-veteran.json"
  }, {
    "url": "table/twb-episode/twb-previous-suicide-attempts.csv",
    "tableSchema": "table/twb-episode/twb-previous-suicide-attempts.json"
  }, {
    "url": "table/twb-episode/twb-method-of-suicide-attempt.csv",
    "tableSchema": "table/twb-episode/twb-method-of-suicide-attempt.json"
  }, {
    "url": "table/twb-recommendation-out/twb-recommendation-out-provider-type.csv",
    "tableSchema": "table/twb-recommendation-out/twb-recommendation-out-provider-type.json"
  }, {
    "url": "table/twb-recommendation-out/twb-recommendation-out-status.csv",
    "tableSchema": "table/twb-recommendation-out/twb-recommendation-out-status.json"
  }, {
    "url": "table/twb-critical-incident/type.csv",
    "tableSchema": "table/twb-critical-incident/type.json"
  }, {
    "url": "table/service-contact/type.csv",
    "tableSchema": "table/service-contact/type.json"
  }, {
    "url": "table/service-contact/modality.csv",
    "tableSchema": "table/service-contact/modality.json"
  }, {
    "url": "table/service-contact/participants.csv",
    "tableSchema": "table/service-contact/participants.json"
  }, {
    "url": "table/service-contact/venue.csv",
    "tableSchema": "table/service-contact/venue.json"
  }, {
    "url": "table/service-contact/duration.csv",
    "tableSchema": "table/service-contact/duration.json"
  }, {
    "url": "table/service-contact/final.csv",
    "tableSchema": "table/service-contact/final.json"
  }, {
    "url": "table/service-contact/interpreter.csv",
    "tableSchema": "table/service-contact/interpreter.json"
  }, {
    "url": "table/service-contact/funding-source.csv",
    "tableSchema": "table/service-contact/funding-source.json"
  }, {
    "url": "table/collection-occasion/reason.csv",
    "tableSchema": "table/collection-occasion/reason.json"
  }, {
    "url": "table/measure/k10p-k5.csv",
    "tableSchema": "table/measure/k10p-k5.json"
  }, {
    "url": "table/measure/sdq/sdq-1-25.csv",
    "tableSchema": "table/measure/sdq/sdq-1-25.json"
  }, {
    "url": "table/measure/sdq/sdq-26.csv",
    "tableSchema": "table/measure/sdq/sdq-26.json"
  }, {
    "url": "table/measure/sdq/sdq-27.csv",
    "tableSchema": "table/measure/sdq/sdq-27.json"
  }, {
    "url": "table/measure/sdq/sdq-28-33_35.csv",
    "tableSchema": "table/measure/sdq/sdq-28-33_35.json"
  }, {
    "url": "table/measure/sdq/sdq-34.csv",
    "tableSchema": "table/measure/sdq/sdq-34.json"
  }, {
    "url": "table/measure/sdq/sdq-36-42.csv",
    "tableSchema": "table/measure/sdq/sdq-36-42.json"
  }, {
    "url": "table/measure/sdq/sdq-version.csv",
    "tableSchema": "table/measure/sdq/sdq-version.json"
  }, {
    "url": "table/measure/twb-ni/twb-ni-type.csv",
    "tableSchema": "table/measure/twb-ni/twb-ni-type.json"
  }, {
    "url": "table/measure/twb-plan/twb-plan-type.csv",
    "tableSchema": "table/measure/twb-plan/twb-plan-type.json"
  }, {
    "url": "table/measure/who5.csv",
    "tableSchema": "table/measure/who5.json"
  }]
}
