{
  "@id": "sidas-metadata.json",
  "@context": { "http://www.w3.org/ns/csvw": { "@language": "en" } },
  "columns": [{
    "name": "organisation_path",
    "titles": [ "organisation_path" ],
    "dc:title": "Organisation Path",
    "schema:description": "A sequence of colon separated Organisation Keys that fully specifies the Provider Organisation providing a service to the client.",
    "schema:disambiguatingDescription": "type/organisation_path.rst",
    "schema:dateCreated": "2016-06-22",
    "schema:dateDeleted": "2016-06-22",
    "schema:dateModified": "2016-06-22",
    "datatype": {
      "base": "string"
    },
    "required": true
  },{
     "name": "measure_key",
    "titles": [ "measure_key" ],
    "dc:title": "Measure Key",
    "schema:description": "This is a number or code assigned to each instance of a measure. The Measure Key is unique and stable for each instance of a measure at the level of the organisation.",
    "schema:disambiguatingDescription": "table/measure/key.rst",
    "schema:dateCreated": "2016-06-22",
    "schema:dateDeleted": "2016-06-22",
    "schema:dateModified": "2016-06-22",
    "datatype": {
      "base": "string",
      "minLength": 2,
      "maxLength": 50
    },
    "required": true
  },{
    "name": "collection_occasion_key",
    "titles": [ "collection_occasion_key" ],
    "dc:title": "Collection Occasion Key",
    "schema:description": "This is a number or code assigned to each collection occasion of service activity. The Collection Occasion Key is unique and stable for each collection occasion at the level of the organisation.",
    "schema:disambiguatingDescription": "table/collection-occasion/key.rst",
    "schema:dateCreated": "2016-06-22",
    "schema:dateDeleted": "2016-06-22",
    "schema:dateModified": "2016-06-22",
    "datatype": {
      "base": "string",
      "minLength": 2,
      "maxLength": 50
    },
    "required": true
  },{
    "name": "sidas_item1",
    "titles": [ "sidas_item1" ],
    "dc:title": "SIDAS - Question 1",
    "schema:description": "In the past month, how often have you had thoughts about suicide?",
    "schema:disambiguatingDescription": "table/measure/sidas/Q1.rst",
    "schema:dateCreated": "2018-04-30",
    "schema:dateDeleted": "2018-04-30",
    "schema:dateModified": "2018-04-30",
    "required": true,
    "schema:domain": "0 - 10, 99 = Not stated / Missing",
    "datatype": {
      "base": "string",
      "format": "^(0|1|2|3|4|5|6|7|8|9|10|99)$"
    }
  },{
    "name": "sidas_item2",
    "titles": [ "sidas_item2" ],
    "dc:title": "SIDAS - Question 2",
    "schema:description": "In the past month, how much control have you had over these thoughts?",
    "schema:disambiguatingDescription": "table/measure/sidas/Q2.rst",
    "schema:dateCreated": "2018-04-30",
    "schema:dateModified": "2021-08-20",
    "required": true,
    "schema:domain": "0 - 10, 98 = Not required, 99 = Not stated / Missing",
    "datatype": {
      "base": "string",
      "format": "^(0|1|2|3|4|5|6|7|8|9|10|98|99)$"
    }
  },{
    "name": "sidas_item3",
    "titles": [ "sidas_item3" ],
    "dc:title": "SIDAS - Question 3",
    "schema:description": "In the past month, how close have you come to making an attempt?",
    "schema:disambiguatingDescription": "table/measure/sidas/Q3.rst",
    "schema:dateCreated": "2018-04-30",
    "schema:dateModified": "2021-08-20",
    "required": true,
    "schema:domain": "0 - 10, 98 = Not required, 99 = Not stated / Missing",
    "datatype": {
      "base": "string",
      "format": "^(0|1|2|3|4|5|6|7|8|9|10|98|99)$"
    }
  },{
    "name": "sidas_item4",
    "titles": [ "sidas_item4" ],
    "dc:title": "SIDAS - Question 4",
    "schema:description": "In the past month, to what extent have you felt tormented by thoughts about suicide?",
    "schema:disambiguatingDescription": "table/measure/sidas/Q4.rst",
    "schema:dateCreated": "2018-04-30",
    "schema:dateModified": "2021-08-20",
    "required": true,
    "schema:domain": "0 - 10, 98 = Not required, 99 = Not stated / Missing",
    "datatype": {
      "base": "string",
      "format": "^(0|1|2|3|4|5|6|7|8|9|10|98|99)$"
    }
  },{
    "name": "sidas_item5",
    "titles": [ "sidas_item5" ],
    "dc:title": "SIDAS - Question 5",
    "schema:description": "In the past month, how much have thoughts about suicide interfered with your ability to carry out daily activities, such as work, household tasks or social activities?",
    "schema:disambiguatingDescription": "table/measure/sidas/Q5.rst",
    "schema:dateCreated": "2018-04-30",
    "schema:dateModified": "2021-08-20",
    "required": true,
    "schema:domain": "0 - 10, 98 = Not required, 99 = Not stated / Missing",
    "datatype": {
      "base": "string",
      "format": "^(0|1|2|3|4|5|6|7|8|9|10|98|99)$"
    }
  },{
    "name": "sidas_tags",
    "titles": [ "sidas_tags" ],
    "dc:title" : "SIDAS - Tags",
    "schema:description": "List of tags for the collection occasion.",
    "schema:disambiguatingDescription": "type/tags.rst",
    "schema:dateCreated": "2016-06-22",
    "schema:dateDeleted": "2016-06-22",
    "schema:dateModified": "2016-06-22",
    "datatype": {
      "base": "string"
      }
  }],
  "primaryKey": [ "organisation_path", "measure_key" ],
  "foreignKeys": [{
    "columnReference": [ "organisation_path", "collection_occasion_key" ],
    "reference": {
      "resource": "data/collection-occasions.csv",
      "columnReference": [ "organisation_path", "collection_occasion_key" ]
    }
  }]
}
