id,description
1,"GP/Medical Practitioner"
2,"Hospital"
3,"Psychiatric/mental health service or facility"
4,"Alcohol and other drug treatment service"
5,"Other community/health care service"
6,"Correctional service"
7,"Police diversion"
8,"Court diversion"
9,"Legal service"
10,"Child protection agency"
11,"Community support groups/agencies"
12,"Centrelink or employment service"
13,"Housing and homelessness service"
14,"Telephone & online services/referral agency e.g. direct line"
15,"Disability support service"
16,"Aged care facility/service"
17,"Immigration department or asylum seeker/refugee support service"
18,"School/other education or training institution"
19,"Community based Drug and Alcohol Service"
20,"Youth service (non-AOD)"
21,"Indigenous service (non-AOD)"
22,"Extended care/rehabilitation facility"
23,"Palliative care service"
24,"Police (not diversion)"
25,"Public dental provider - community dental agency"
26,"Dental Hospital"
27,"Private Dental Provider"
28,"Early childhood service"
29,"Maternal and Child Health Service"
30,"Community nursing service"
31,"Emergency relief"
32,"Family support service (excl family violence)"
33,"Family violence service"
34,"Gambling support service"
35,"Maternity services"
36,"Peer support/self-help group"
37,"Private allied health provider"
38,"Sexual Assault service"
39,"Financial counsellor"
40,"Sexual health service"
41,"Medical specialist"
97,"No Recommendation"
98,"Other"
99,"Not stated/Inadequately described"
