{
  "@id": "twb-ni-metadata.json",
  "@context": { "http://www.w3.org/ns/csvw": { "@language": "en" } },
  "columns": [{
    "name": "organisation_path",
    "titles": [ "organisation_path" ],
    "dc:title": "Organisation Path",
    "schema:description": "A sequence of colon separated Organisation Keys that fully specifies the Provider Organisation providing a service to the client.",
    "schema:disambiguatingDescription": "type/organisation_path.rst",
    "schema:dateCreated": "2016-06-22",
    "schema:dateDeleted": "2016-06-22",
    "schema:dateModified": "2016-06-22",
    "datatype": {
      "base": "string"
    },
    "required": true
  },{
     "name": "twb_ni_key",
    "titles": [ "twb_ni_key" ],
    "dc:title": "TWB NI Key",
    "schema:description": "This is a number or code assigned to each instance of a TWB NI. The TWB NI Key is unique and stable for each instance of a TWB NI at the level of the organisation.",
    "schema:disambiguatingDescription": "table/measure/key.rst",
    "schema:dateCreated": "2016-06-22",
    "schema:dateDeleted": "2016-06-22",
    "schema:dateModified": "2016-06-22",
    "datatype": {
      "base": "string",
      "minLength": 2,
      "maxLength": 50
    },
    "required": true
  },{
    "name": "collection_occasion_key",
    "titles": [ "collection_occasion_key" ],
    "dc:title": "Collection Occasion Key",
    "schema:description": "This is a number or code assigned to each collection occasion of outcome measures. The Collection Occasion Key is unique and stable for each collection occasion at the level of the organisation.",
    "schema:disambiguatingDescription": "table/collection-occasion/key.rst",
    "schema:dateCreated": "2016-06-22",
    "schema:dateDeleted": "2016-06-22",
    "schema:dateModified": "2016-06-22",
    "datatype": {
      "base": "string",
      "minLength": 2,
      "maxLength": 50
    },
    "required": true
  },{
    "name": "twb_ni_type",
    "titles": [ "twb_ni_type" ],
    "dc:title": "TWB NI - Type",
    "schema:description": "The identified needs of the client at commencement or review of the service.",
    "schema:disambiguatingDescription": "table/measure/twb-ni/twb-ni-type.rst",
    "schema:dateCreated": "2019-07-05",
    "schema:dateModified": "2019-07-05",
    "separator": " ",
    "datatype": {
      "base": "string"
    },
    "required": true
  },{
    "name": "twb_ni_tags",
    "titles": [ "twb_ni_tags" ],
    "dc:title" : "TWB NI - Tags",
    "schema:description": "List of tags for the collection occasion.",
    "schema:disambiguatingDescription": "type/tags.rst",
    "schema:dateCreated": "2019-07-05",
    "schema:dateModified": "2019-07-05",
    "datatype": {
      "base": "string"
      }
  }],
  "primaryKey": [ "organisation_path", "twb_ni_key" ],
  "foreignKeys": [{
    "columnReference": [ "organisation_path", "collection_occasion_key" ],
    "reference": {
      "resource": "data/collection-occasions.csv",
      "columnReference": [ "organisation_path", "collection_occasion_key" ]
    }
  }, {
    "columnReference": "twb_ni_type",
    "reference": {
      "resource": "table/measure/twb-ni/twb-ni-type.csv",
      "columnReference": "id"
    }
  }]
}
