{
  "@id": "who5-metadata.json",
  "@context": { "http://www.w3.org/ns/csvw": { "@language": "en" } },
  "columns": [{
    "name": "organisation_path",
    "titles": [ "organisation_path" ],
    "dc:title": "Organisation Path",
    "schema:description": "A sequence of colon separated Organisation Keys that fully specifies the Provider Organisation providing a service to the client.",
    "schema:disambiguatingDescription": "type/organisation_path.rst",
    "schema:dateCreated": "2016-06-22",
    "schema:dateDeleted": "2016-06-22",
    "schema:dateModified": "2016-06-22",
    "datatype": {
      "base": "string"
    },
    "required": true
  },{
     "name": "measure_key",
    "titles": [ "measure_key" ],
    "dc:title": "Measure Key",
    "schema:description": "This is a number or code assigned to each instance of a measure. The Measure Key is unique and stable for each instance of a measure at the level of the organisation.",
    "schema:disambiguatingDescription": "table/measure/key.rst",
    "schema:dateCreated": "2016-06-22",
    "schema:dateDeleted": "2016-06-22",
    "schema:dateModified": "2016-06-22",
    "datatype": {
      "base": "string",
      "minLength": 2,
      "maxLength": 50
    },
    "required": true
  },{
    "name": "collection_occasion_key",
    "titles": [ "collection_occasion_key" ],
    "dc:title": "Collection Occasion Key",
    "schema:description": "This is a number or code assigned to each collection occasion of outcome measures. The Collection Occasion Key is unique and stable for each collection occasion at the level of the organisation.",
    "schema:disambiguatingDescription": "table/collection-occasion/key.rst",
    "schema:dateCreated": "2016-06-22",
    "schema:dateDeleted": "2016-06-22",
    "schema:dateModified": "2016-06-22",
    "datatype": {
      "base": "string",
      "minLength": 2,
      "maxLength": 50
    },
    "required": true
  },{
    "name": "who5_item1",
    "titles": [ "who5_item1" ],
    "dc:title": "WHO-5 - Question 1",
    "schema:description": "I have felt cheerful and in good spirits",
    "schema:disambiguatingDescription": "table/measure/who5/Q1.rst",
    "schema:dateCreated": "2019-07-05",
    "schema:dateModified": "2019-07-05",
    "datatype": {
      "base": "string"
    },
    "required": true
  },{
    "name": "who5_item2",
    "titles": [ "who5_item2" ],
    "dc:title": "WHO-5 - Question 2",
    "schema:description": "I have felt calm and relaxed",
    "schema:disambiguatingDescription": "table/measure/who5/Q2.rst",
    "schema:dateCreated": "2019-07-05",
    "schema:dateModified": "2019-07-05",
    "datatype": {
      "base": "string"
    },
    "required": true
  },{
    "name": "who5_item3",
    "titles": [ "who5_item3" ],
    "dc:title": "WHO-5 - Question 3",
    "schema:description": "I have felt active and vigorous",
    "schema:disambiguatingDescription": "table/measure/who5/Q3.rst",
    "schema:dateCreated": "2019-07-05",
    "schema:dateModified": "2019-07-05",
    "datatype": {
      "base": "string"
    },
    "required": true
  },{
    "name": "who5_item4",
    "titles": [ "who5_item4" ],
    "dc:title": "WHO-5 - Question 4",
    "schema:description": "I woke up feeling fresh and rested",
    "schema:disambiguatingDescription": "table/measure/who5/Q4.rst",
    "schema:dateCreated": "2019-07-05",
    "schema:dateModified": "2019-07-05",
    "datatype": {
      "base": "string"
    },
    "required": true
  },{
    "name": "who5_item5",
    "titles": [ "who5_item5" ],
    "dc:title": "WHO-5 - Question 5",
    "schema:description": "I woke up feeling fresh and rested",
    "schema:disambiguatingDescription": "table/measure/who5/Q5.rst",
    "schema:dateCreated": "2019-07-05",
    "schema:dateModified": "2019-07-05",
    "datatype": {
      "base": "string"
    },
    "required": true
  },{
    "name": "who5_raw_score",
    "titles": [ "who5_raw_score" ],
    "dc:title" : "WHO-5 - Raw Score",
    "schema:description": "The WHO-5 raw score.",
    "schema:disambiguatingDescription": "table/measure/who5/raw-score.rst",
    "schema:dateCreated": "2019-07-05",
    "schema:dateModified": "2019-07-05",
    "null": "99",
    "datatype": {
      "base": "integer",
      "minimum": 0,
      "maximum": 25
      }
  },{
    "name": "who5_tags",
    "titles": [ "who5_tags" ],
    "dc:title" : "WHO-5 - Tags",
    "schema:description": "List of tags for the collection occasion.",
    "schema:disambiguatingDescription": "type/tags.rst",
    "schema:dateCreated": "2019-07-05",
    "schema:dateModified": "2019-07-05",
    "datatype": {
      "base": "string"
      }
  }],
  "primaryKey": [ "organisation_path", "measure_key" ],
  "foreignKeys": [{
    "columnReference": [ "organisation_path", "collection_occasion_key" ],
    "reference": {
      "resource": "data/collection_occasions.csv",
      "columnReference": [ "organisation_path", "collection_occasion_key" ]
    }
  }, {
    "columnReference": "who5_item1",
    "reference": {
      "resource": "table/measure/who5.csv",
      "columnReference": "id"
    }
  }, {
    "columnReference": "who5_item2",
    "reference": {
      "resource": "table/measure/who5.csv",
      "columnReference": "id"
    }
  }, {
    "columnReference": "who5_item3",
    "reference": {
      "resource": "table/measure/who5.csv",
      "columnReference": "id"
    }
  }, {
    "columnReference": "who5_item4",
    "reference": {
      "resource": "table/measure/who5.csv",
      "columnReference": "id"
    }
  }, {
    "columnReference": "who5_item5",
    "reference": {
      "resource": "table/measure/who5.csv",
      "columnReference": "id"
    }
  }]
}
